RRAS,DEPARTAMENTO REGIONAL DE SAÚDE,REGIÃO DE SAÚDE,Município
RRAS 10,3509 MARÍLIA,35091 ADAMANTINA,350010 Adamantina
RRAS 12,3515 SÃO JOSÉ DO RIO PRETO,35156 JOSÉ BONIFÁCIO,350020 Adolfo
RRAS 15,3514 SÃO JOÃO DA BOA VISTA,35142 MANTIQUEIRA,350030 Aguaí
RRAS 15,3514 SÃO JOÃO DA BOA VISTA,35142 MANTIQUEIRA,350040 Águas da Prata
RRAS 15,3507 CAMPINAS,35074 CIRCUITO DAS ÁGUAS,350050 Águas de Lindóia
RRAS 09,3506 BAURU,35061 VALE DO JURUMIRIM,350055 Águas de Santa Bárbara
RRAS 14,3510 PIRACICABA,35103 PIRACICABA,350060 Águas de São Pedro
RRAS 09,3506 BAURU,35062 BAURU,350070 Agudos
RRAS 08,3516 SOROCABA,35161 ITAPETININGA,350075 Alambari
RRAS 11,3511 PRESIDENTE PRUDENTE,35112 ALTA SOROCABANA,350080 Alfredo Marcondes
RRAS 13,3505 BARRETOS,35051 NORTE-BARRETOS,350090 Altair
RRAS 13,3513 RIBEIRÃO PRETO,35133 VALE DAS CACHOEIRAS,350100 Altinópolis
RRAS 12,3502 ARAÇATUBA,35023 DOS CONSÓRCIOS DO DRS II,350110 Alto Alegre
RRAS 08,3516 SOROCABA,35163 SOROCABA,350115 Alumínio
RRAS 12,3515 SÃO JOSÉ DO RIO PRETO,35157 VOTUPORANGA,350120 Álvares Florence
RRAS 11,3511 PRESIDENTE PRUDENTE,35112 ALTA SOROCABANA,350130 Álvares Machado
RRAS 10,3509 MARÍLIA,35093 MARÍLIA,350140 Álvaro de Carvalho
RRAS 10,3509 MARÍLIA,35093 MARÍLIA,350150 Alvinlândia
RRAS 15,3507 CAMPINAS,35072 REG METRO CAMPINAS,350160 Americana
RRAS 13,3503 ARARAQUARA,35031 CENTRAL DO DRS III,350170 Américo Brasiliense
RRAS 12,3515 SÃO JOSÉ DO RIO PRETO,35157 VOTUPORANGA,350180 Américo de Campos
RRAS 15,3507 CAMPINAS,35074 CIRCUITO DAS ÁGUAS,350190 Amparo
RRAS 14,3510 PIRACICABA,35104 RIO CLARO,350200 Analândia
RRAS 12,3502 ARAÇATUBA,35022 DOS LAGOS DO DRS II,350210 Andradina
RRAS 08,3516 SOROCABA,35161 ITAPETININGA,350220 Angatuba
RRAS 09,3506 BAURU,35063 POLO CUESTA,350230 Anhembi
RRAS 11,3511 PRESIDENTE PRUDENTE,35112 ALTA SOROCABANA,350240 Anhumas
RRAS 17,3517 TAUBATÉ,35172 CIRCUITO DA FÉ - VALE HISTÓRICO,350250 Aparecida
RRAS 12,3515 SÃO JOSÉ DO RIO PRETO,35153 JALES,350260 Aparecida d'Oeste
RRAS 08,3516 SOROCABA,35162 ITAPEVA,350270 Apiaí
RRAS 08,3516 SOROCABA,35163 SOROCABA,350275 Araçariguama
RRAS 12,3502 ARAÇATUBA,35021 CENTRAL DO DRS II,350280 Araçatuba
RRAS 08,3516 SOROCABA,35163 SOROCABA,350290 Araçoiaba da Serra
RRAS 13,3508 FRANCA,35083 ALTA MOGIANA,350300 Aramina
RRAS 09,3506 BAURU,35061 VALE DO JURUMIRIM,350310 Arandu
RRAS 17,3517 TAUBATÉ,35172 CIRCUITO DA FÉ - VALE HISTÓRICO,350315 Arapeí
RRAS 13,3503 ARARAQUARA,35031 CENTRAL DO DRS III,350320 Araraquara
RRAS 14,3510 PIRACICABA,35101 ARARAS,350330 Araras
RRAS 10,3509 MARÍLIA,35095 TUPÃ,350335 Arco-Íris
RRAS 09,3506 BAURU,35062 BAURU,350340 Arealva
RRAS 17,3517 TAUBATÉ,35172 CIRCUITO DA FÉ - VALE HISTÓRICO,350350 Areias
RRAS 09,3506 BAURU,35063 POLO CUESTA,350360 Areiópolis
RRAS 12,3515 SÃO JOSÉ DO RIO PRETO,35151 CATANDUVA,350370 Ariranha
RRAS 15,3507 CAMPINAS,35072 REG METRO CAMPINAS,350380 Artur Nogueira
RRAS 02,3501 GRANDE SÃO PAULO,35011 ALTO DO TIETÊ,350390 Arujá
RRAS 12,3515 SÃO JOSÉ DO RIO PRETO,35153 JALES,350395 Aspásia
RRAS 10,3509 MARÍLIA,35092 ASSIS,350400 Assis
RRAS 16,3507 CAMPINAS,35071 BRAGANÇA,350410 Atibaia
RRAS 12,3502 ARAÇATUBA,35021 CENTRAL DO DRS II,350420 Auriflama
RRAS 09,3506 BAURU,35062 BAURU,350430 Avaí
RRAS 12,3502 ARAÇATUBA,35023 DOS CONSÓRCIOS DO DRS II,350440 Avanhandava
RRAS 09,3506 BAURU,35061 VALE DO JURUMIRIM,350450 Avaré
RRAS 12,3515 SÃO JOSÉ DO RIO PRETO,35155 SÃO JOSÉ DO RIO PRETO,350460 Bady Bassitt
RRAS 09,3506 BAURU,35062 BAURU,350470 Balbinos
RRAS 12,3515 SÃO JOSÉ DO RIO PRETO,35155 SÃO JOSÉ DO RIO PRETO,350480 Bálsamo
RRAS 17,3517 TAUBATÉ,35172 CIRCUITO DA FÉ - VALE HISTÓRICO,350490 Bananal
RRAS 09,3506 BAURU,35061 VALE DO JURUMIRIM,350500 Barão de Antonina
RRAS 12,3502 ARAÇATUBA,35023 DOS CONSÓRCIOS DO DRS II,350510 Barbosa
RRAS 09,3506 BAURU,35064 JAU,350520 Bariri
RRAS 09,3506 BAURU,35064 JAU,350530 Barra Bonita
RRAS 08,3516 SOROCABA,35162 ITAPEVA,350535 Barra do Chapéu
RRAS 07,3512 REGISTRO,35121 VALE DO RIBEIRA,350540 Barra do Turvo
RRAS 13,3505 BARRETOS,35051 NORTE-BARRETOS,350550 Barretos
RRAS 13,3513 RIBEIRÃO PRETO,35131 HORIZONTE VERDE,350560 Barrinha
RRAS 05,3501 GRANDE SÃO PAULO,35014 ROTA DOS BANDEIRANTES,350570 Barueri
RRAS 10,3509 MARÍLIA,35095 TUPÃ,350580 Bastos
RRAS 13,3513 RIBEIRÃO PRETO,35133 VALE DAS CACHOEIRAS,350590 Batatais
RRAS 09,3506 BAURU,35062 BAURU,350600 Bauru
RRAS 13,3505 BARRETOS,35052 SUL-BARRETOS,350610 Bebedouro
RRAS 12,3502 ARAÇATUBA,35021 CENTRAL DO DRS II,350620 Bento de Abreu
RRAS 10,3509 MARÍLIA,35094 OURINHOS,350630 Bernardino de Campos
RRAS 07,3504 BAIXADA SANTISTA,35041 BAIXADA SANTISTA,350635 Bertioga
RRAS 12,3502 ARAÇATUBA,35021 CENTRAL DO DRS II,350640 Bilac
RRAS 12,3502 ARAÇATUBA,35023 DOS CONSÓRCIOS DO DRS II,350650 Birigui
RRAS 02,3501 GRANDE SÃO PAULO,35011 ALTO DO TIETÊ,350660 Biritiba-Mirim
RRAS 13,3503 ARARAQUARA,35031 CENTRAL DO DRS III,350670 Boa Esperança do Sul
RRAS 09,3506 BAURU,35064 JAU,350680 Bocaina
RRAS 09,3506 BAURU,35063 POLO CUESTA,350690 Bofete
RRAS 08,3516 SOROCABA,35163 SOROCABA,350700 Boituva
RRAS 16,3507 CAMPINAS,35071 BRAGANÇA,350710 Bom Jesus dos Perdões
RRAS 08,3516 SOROCABA,35162 ITAPEVA,350715 Bom Sucesso de Itararé
RRAS 10,3509 MARÍLIA,35092 ASSIS,350720 Borá
RRAS 09,3506 BAURU,35064 JAU,350730 Boracéia
RRAS 13,3503 ARARAQUARA,35032 CENTRO OESTE DO DRS III,350740 Borborema
RRAS 09,3506 BAURU,35062 BAURU,350745 Borebi
RRAS 09,3506 BAURU,35063 POLO CUESTA,350750 Botucatu
RRAS 16,3507 CAMPINAS,35071 BRAGANÇA,350760 Bragança Paulista
RRAS 12,3502 ARAÇATUBA,35023 DOS CONSÓRCIOS DO DRS II,350770 Braúna
RRAS 12,3502 ARAÇATUBA,35023 DOS CONSÓRCIOS DO DRS II,350775 Brejo Alegre
RRAS 13,3513 RIBEIRÃO PRETO,35133 VALE DAS CACHOEIRAS,350780 Brodowski
RRAS 09,3506 BAURU,35064 JAU,350790 Brotas
RRAS 08,3516 SOROCABA,35162 ITAPEVA,350800 Buri
RRAS 12,3502 ARAÇATUBA,35023 DOS CONSÓRCIOS DO DRS II,350810 Buritama
RRAS 13,3508 FRANCA,35083 ALTA MOGIANA,350820 Buritizal
RRAS 09,3506 BAURU,35062 BAURU,350830 Cabrália Paulista
RRAS 16,3507 CAMPINAS,35073 JUNDIAÍ,350840 Cabreúva
RRAS 17,3517 TAUBATÉ,35171 ALTO VALE DO PARAÍBA,350850 Caçapava
RRAS 17,3517 TAUBATÉ,35172 CIRCUITO DA FÉ - VALE HISTÓRICO,350860 Cachoeira Paulista
RRAS 15,3514 SÃO JOÃO DA BOA VISTA,35143 RIO PARDO,350870 Caconde
RRAS 09,3506 BAURU,35065 LINS,350880 Cafelândia
RRAS 11,3511 PRESIDENTE PRUDENTE,35112 ALTA SOROCABANA,350890 Caiabu
RRAS 03,3501 GRANDE SÃO PAULO,35012 FRANCO DA ROCHA,350900 Caieiras
RRAS 11,3511 PRESIDENTE PRUDENTE,35114 EXTREMO OESTE PAULISTA,350910 Caiuá
RRAS 03,3501 GRANDE SÃO PAULO,35012 FRANCO DA ROCHA,350920 Cajamar
RRAS 07,3512 REGISTRO,35121 VALE DO RIBEIRA,350925 Cajati
RRAS 13,3505 BARRETOS,35051 NORTE-BARRETOS,350930 Cajobi
RRAS 13,3513 RIBEIRÃO PRETO,35133 VALE DAS CACHOEIRAS,350940 Cajuru
RRAS 08,3516 SOROCABA,35161 ITAPETININGA,350945 Campina do Monte Alegre
RRAS 15,3507 CAMPINAS,35072 REG METRO CAMPINAS,350950 Campinas
RRAS 16,3507 CAMPINAS,35073 JUNDIAÍ,350960 Campo Limpo Paulista
RRAS 17,3517 TAUBATÉ,35174 V. PARAÍBA-REG. SERRANA,350970 Campos do Jordão
RRAS 10,3509 MARÍLIA,35093 MARÍLIA,350980 Campos Novos Paulista
RRAS 07,3512 REGISTRO,35121 VALE DO RIBEIRA,350990 Cananéia
RRAS 17,3517 TAUBATÉ,35172 CIRCUITO DA FÉ - VALE HISTÓRICO,350995 Canas
RRAS 10,3509 MARÍLIA,35092 ASSIS,351000 Cândido Mota
RRAS 13,3503 ARARAQUARA,35033 NORTE DO DRS III,351010 Cândido Rodrigues
RRAS 10,3509 MARÍLIA,35094 OURINHOS,351015 Canitar
RRAS 08,3516 SOROCABA,35161 ITAPETININGA,351020 Capão Bonito
RRAS 08,3516 SOROCABA,35163 SOROCABA,351030 Capela do Alto
RRAS 14,3510 PIRACICABA,35103 PIRACICABA,351040 Capivari
RRAS 17,3517 TAUBATÉ,35173 LITORAL NORTE,351050 Caraguatatuba
RRAS 05,3501 GRANDE SÃO PAULO,35014 ROTA DOS BANDEIRANTES,351060 Carapicuíba
RRAS 12,3515 SÃO JOSÉ DO RIO PRETO,35157 VOTUPORANGA,351070 Cardoso
RRAS 15,3514 SÃO JOÃO DA BOA VISTA,35143 RIO PARDO,351080 Casa Branca
RRAS 13,3513 RIBEIRÃO PRETO,35133 VALE DAS CACHOEIRAS,351090 Cássia dos Coqueiros
RRAS 12,3502 ARAÇATUBA,35022 DOS LAGOS DO DRS II,351100 Castilho
RRAS 12,3515 SÃO JOSÉ DO RIO PRETO,35151 CATANDUVA,351110 Catanduva
RRAS 12,3515 SÃO JOSÉ DO RIO PRETO,35151 CATANDUVA,351120 Catiguá
RRAS 12,3515 SÃO JOSÉ DO RIO PRETO,35155 SÃO JOSÉ DO RIO PRETO,351130 Cedral
RRAS 09,3506 BAURU,35061 VALE DO JURUMIRIM,351140 Cerqueira César
RRAS 08,3516 SOROCABA,35161 ITAPETININGA,351150 Cerquilho
RRAS 08,3516 SOROCABA,35161 ITAPETININGA,351160 Cesário Lange
RRAS 14,3510 PIRACICABA,35103 PIRACICABA,351170 Charqueada
RRAS 10,3509 MARÍLIA,35094 OURINHOS,355720 Chavantes
RRAS 12,3502 ARAÇATUBA,35023 DOS CONSÓRCIOS DO DRS II,351190 Clementina
RRAS 13,3505 BARRETOS,35051 NORTE-BARRETOS,351200 Colina
RRAS 13,3505 BARRETOS,35051 NORTE-BARRETOS,351210 Colômbia
RRAS 14,3510 PIRACICABA,35101 ARARAS,351220 Conchal
RRAS 09,3506 BAURU,35063 POLO CUESTA,351230 Conchas
RRAS 14,3510 PIRACICABA,35102 LIMEIRA,351240 Cordeirópolis
RRAS 12,3502 ARAÇATUBA,35023 DOS CONSÓRCIOS DO DRS II,351250 Coroados
RRAS 09,3506 BAURU,35061 VALE DO JURUMIRIM,351260 Coronel Macedo
RRAS 14,3510 PIRACICABA,35104 RIO CLARO,351270 Corumbataí
RRAS 15,3507 CAMPINAS,35072 REG METRO CAMPINAS,351280 Cosmópolis
RRAS 12,3515 SÃO JOSÉ DO RIO PRETO,35157 VOTUPORANGA,351290 Cosmorama
RRAS 04,3501 GRANDE SÃO PAULO,35013 MANANCIAIS,351300 Cotia
RRAS 13,3513 RIBEIRÃO PRETO,35132 AQUÍFERO GUARANI,351310 Cravinhos
RRAS 13,3508 FRANCA,35081 TRÊS COLINAS,351320 Cristais Paulista
RRAS 10,3509 MARÍLIA,35092 ASSIS,351330 Cruzália
RRAS 17,3517 TAUBATÉ,35172 CIRCUITO DA FÉ - VALE HISTÓRICO,351340 Cruzeiro
RRAS 07,3504 BAIXADA SANTISTA,35041 BAIXADA SANTISTA,351350 Cubatão
RRAS 17,3517 TAUBATÉ,35172 CIRCUITO DA FÉ - VALE HISTÓRICO,351360 Cunha
RRAS 13,3503 ARARAQUARA,35034 CORAÇÃO DO DRS III,351370 Descalvado
RRAS 01,3501 GRANDE SÃO PAULO,35015 GRANDE ABC,351380 Diadema
RRAS 12,3515 SÃO JOSÉ DO RIO PRETO,35153 JALES,351385 Dirce Reis
RRAS 15,3514 SÃO JOÃO DA BOA VISTA,35143 RIO PARDO,351390 Divinolândia
RRAS 13,3503 ARARAQUARA,35033 NORTE DO DRS III,351400 Dobrada
RRAS 09,3506 BAURU,35064 JAU,351410 Dois Córregos
RRAS 12,3515 SÃO JOSÉ DO RIO PRETO,35153 JALES,351420 Dolcinópolis
RRAS 13,3503 ARARAQUARA,35034 CORAÇÃO DO DRS III,351430 Dourado
RRAS 11,3511 PRESIDENTE PRUDENTE,35111 ALTA PAULISTA,351440 Dracena
RRAS 09,3506 BAURU,35062 BAURU,351450 Duartina
RRAS 13,3513 RIBEIRÃO PRETO,35131 HORIZONTE VERDE,351460 Dumont
RRAS 10,3509 MARÍLIA,35093 MARÍLIA,351470 Echaporã
RRAS 07,3512 REGISTRO,35121 VALE DO RIBEIRA,351480 Eldorado
RRAS 14,3510 PIRACICABA,35103 PIRACICABA,351490 Elias Fausto
RRAS 12,3515 SÃO JOSÉ DO RIO PRETO,35151 CATANDUVA,351492 Elisiário
RRAS 12,3515 SÃO JOSÉ DO RIO PRETO,35151 CATANDUVA,351495 Embaúba
RRAS 04,3501 GRANDE SÃO PAULO,35013 MANANCIAIS,351500 Embu das Artes
RRAS 04,3501 GRANDE SÃO PAULO,35013 MANANCIAIS,351510 Embu-Guaçu
RRAS 11,3511 PRESIDENTE PRUDENTE,35112 ALTA SOROCABANA,351512 Emilianópolis
RRAS 14,3510 PIRACICABA,35102 LIMEIRA,351515 Engenheiro Coelho
RRAS 15,3514 SÃO JOÃO DA BOA VISTA,35142 MANTIQUEIRA,351518 Espírito Santo do Pinhal
RRAS 10,3509 MARÍLIA,35094 OURINHOS,351519 Espírito Santo do Turvo
RRAS 15,3514 SÃO JOÃO DA BOA VISTA,35141 BAIXA MOGIANA,355730 Estiva Gerbi
RRAS 12,3515 SÃO JOSÉ DO RIO PRETO,35154 FERNANDÓPOLIS,351520 Estrela d'Oeste
RRAS 11,3511 PRESIDENTE PRUDENTE,35112 ALTA SOROCABANA,351530 Estrela do Norte
RRAS 11,3511 PRESIDENTE PRUDENTE,35115 PONTAL DO PARANAPANEMA,351535 Euclides da Cunha Paulista
RRAS 09,3506 BAURU,35061 VALE DO JURUMIRIM,351540 Fartura
RRAS 12,3515 SÃO JOSÉ DO RIO PRETO,35151 CATANDUVA,351560 Fernando Prestes
RRAS 12,3515 SÃO JOSÉ DO RIO PRETO,35154 FERNANDÓPOLIS,351550 Fernandópolis
RRAS 10,3509 MARÍLIA,35093 MARÍLIA,351565 Fernão
RRAS 02,3501 GRANDE SÃO PAULO,35011 ALTO DO TIETÊ,351570 Ferraz de Vasconcelos
RRAS 11,3511 PRESIDENTE PRUDENTE,35111 ALTA PAULISTA,351580 Flora Rica
RRAS 12,3515 SÃO JOSÉ DO RIO PRETO,35157 VOTUPORANGA,351590 Floreal
RRAS 10,3509 MARÍLIA,35091 ADAMANTINA,351600 Flórida Paulista
RRAS 10,3509 MARÍLIA,35092 ASSIS,351610 Florínia
RRAS 13,3508 FRANCA,35081 TRÊS COLINAS,351620 Franca
RRAS 03,3501 GRANDE SÃO PAULO,35012 FRANCO DA ROCHA,351630 Francisco Morato
RRAS 03,3501 GRANDE SÃO PAULO,35012 FRANCO DA ROCHA,351640 Franco da Rocha
RRAS 12,3502 ARAÇATUBA,35023 DOS CONSÓRCIOS DO DRS II,351650 Gabriel Monteiro
RRAS 10,3509 MARÍLIA,35093 MARÍLIA,351660 Gália
RRAS 10,3509 MARÍLIA,35093 MARÍLIA,351670 Garça
RRAS 12,3515 SÃO JOSÉ DO RIO PRETO,35157 VOTUPORANGA,351680 Gastão Vidigal
RRAS 13,3503 ARARAQUARA,35031 CENTRAL DO DRS III,351685 Gavião Peixoto
RRAS 12,3515 SÃO JOSÉ DO RIO PRETO,35157 VOTUPORANGA,351690 General Salgado
RRAS 09,3506 BAURU,35065 LINS,351700 Getulina
RRAS 12,3502 ARAÇATUBA,35023 DOS CONSÓRCIOS DO DRS II,351710 Glicério
RRAS 09,3506 BAURU,35065 LINS,351720 Guaiçara
RRAS 10,3509 MARÍLIA,35093 MARÍLIA,351730 Guaimbê
RRAS 13,3505 BARRETOS,35051 NORTE-BARRETOS,351740 Guaíra
RRAS 12,3515 SÃO JOSÉ DO RIO PRETO,35155 SÃO JOSÉ DO RIO PRETO,351750 Guapiaçu
RRAS 08,3516 SOROCABA,35162 ITAPEVA,351760 Guapiara
RRAS 13,3508 FRANCA,35083 ALTA MOGIANA,351770 Guará
RRAS 12,3502 ARAÇATUBA,35022 DOS LAGOS DO DRS II,351780 Guaraçaí
RRAS 13,3505 BARRETOS,35051 NORTE-BARRETOS,351790 Guaraci
RRAS 12,3515 SÃO JOSÉ DO RIO PRETO,35154 FERNANDÓPOLIS,351800 Guarani d'Oeste
RRAS 10,3509 MARÍLIA,35093 MARÍLIA,351810 Guarantã
RRAS 12,3502 ARAÇATUBA,35021 CENTRAL DO DRS II,351820 Guararapes
RRAS 02,3501 GRANDE SÃO PAULO,35011 ALTO DO TIETÊ,351830 Guararema
RRAS 17,3517 TAUBATÉ,35172 CIRCUITO DA FÉ - VALE HISTÓRICO,351840 Guaratinguetá
RRAS 08,3516 SOROCABA,35161 ITAPETININGA,351850 Guareí
RRAS 13,3513 RIBEIRÃO PRETO,35131 HORIZONTE VERDE,351860 Guariba
RRAS 07,3504 BAIXADA SANTISTA,35041 BAIXADA SANTISTA,351870 Guarujá
RRAS 02,3501 GRANDE SÃO PAULO,35011 ALTO DO TIETÊ,351880 Guarulhos
RRAS 13,3513 RIBEIRÃO PRETO,35132 AQUÍFERO GUARANI,351885 Guatapará
RRAS 12,3502 ARAÇATUBA,35021 CENTRAL DO DRS II,351890 Guzolândia
RRAS 10,3509 MARÍLIA,35095 TUPÃ,351900 Herculândia
RRAS 15,3507 CAMPINAS,35072 REG METRO CAMPINAS,351905 Holambra
RRAS 15,3507 CAMPINAS,35072 REG METRO CAMPINAS,351907 Hortolândia
RRAS 09,3506 BAURU,35062 BAURU,351910 Iacanga
RRAS 10,3509 MARÍLIA,35095 TUPÃ,351920 Iacri
RRAS 09,3506 BAURU,35061 VALE DO JURUMIRIM,351925 Iaras
RRAS 13,3503 ARARAQUARA,35034 CORAÇÃO DO DRS III,351930 Ibaté
RRAS 12,3515 SÃO JOSÉ DO RIO PRETO,35155 SÃO JOSÉ DO RIO PRETO,351940 Ibirá
RRAS 10,3509 MARÍLIA,35094 OURINHOS,351950 Ibirarema
RRAS 13,3503 ARARAQUARA,35032 CENTRO OESTE DO DRS III,351960 Ibitinga
RRAS 08,3516 SOROCABA,35163 SOROCABA,351970 Ibiúna
RRAS 12,3515 SÃO JOSÉ DO RIO PRETO,35155 SÃO JOSÉ DO RIO PRETO,351980 Icém
RRAS 11,3511 PRESIDENTE PRUDENTE,35113 ALTO CAPIVARI,351990 Iepê
RRAS 09,3506 BAURU,35064 JAU,352000 Igaraçu do Tietê
RRAS 13,3508 FRANCA,35083 ALTA MOGIANA,352010 Igarapava
RRAS 17,3517 TAUBATÉ,35171 ALTO VALE DO PARAÍBA,352020 Igaratá
RRAS 07,3512 REGISTRO,35121 VALE DO RIBEIRA,352030 Iguape
RRAS 07,3512 REGISTRO,35121 VALE DO RIBEIRA,352042 Ilha Comprida
RRAS 12,3502 ARAÇATUBA,35022 DOS LAGOS DO DRS II,352044 Ilha Solteira
RRAS 17,3517 TAUBATÉ,35173 LITORAL NORTE,352040 Ilhabela
RRAS 15,3507 CAMPINAS,35072 REG METRO CAMPINAS,352050 Indaiatuba
RRAS 11,3511 PRESIDENTE PRUDENTE,35112 ALTA SOROCABANA,352060 Indiana
RRAS 12,3515 SÃO JOSÉ DO RIO PRETO,35154 FERNANDÓPOLIS,352070 Indiaporã
RRAS 10,3509 MARÍLIA,35091 ADAMANTINA,352080 Inúbia Paulista
RRAS 10,3509 MARÍLIA,35094 OURINHOS,352090 Ipaussu
RRAS 08,3516 SOROCABA,35163 SOROCABA,352100 Iperó
RRAS 14,3510 PIRACICABA,35104 RIO CLARO,352110 Ipeúna
RRAS 12,3515 SÃO JOSÉ DO RIO PRETO,35155 SÃO JOSÉ DO RIO PRETO,352115 Ipiguá
RRAS 07,3512 REGISTRO,35121 VALE DO RIBEIRA,352120 Iporanga
RRAS 13,3508 FRANCA,35082 ALTA ANHANGUERA,352130 Ipuã
RRAS 14,3510 PIRACICABA,35102 LIMEIRA,352140 Iracemápolis
RRAS 12,3515 SÃO JOSÉ DO RIO PRETO,35151 CATANDUVA,352150 Irapuã
RRAS 11,3511 PRESIDENTE PRUDENTE,35111 ALTA PAULISTA,352160 Irapuru
RRAS 08,3516 SOROCABA,35162 ITAPEVA,352170 Itaberá
RRAS 09,3506 BAURU,35061 VALE DO JURUMIRIM,352180 Itaí
RRAS 12,3515 SÃO JOSÉ DO RIO PRETO,35151 CATANDUVA,352190 Itajobi
RRAS 09,3506 BAURU,35064 JAU,352200 Itaju
RRAS 07,3504 BAIXADA SANTISTA,35041 BAIXADA SANTISTA,352210 Itanhaém
RRAS 08,3516 SOROCABA,35162 ITAPEVA,352215 Itaóca
RRAS 04,3501 GRANDE SÃO PAULO,35013 MANANCIAIS,352220 Itapecerica da Serra
RRAS 08,3516 SOROCABA,35161 ITAPETININGA,352230 Itapetininga
RRAS 08,3516 SOROCABA,35162 ITAPEVA,352240 Itapeva
RRAS 05,3501 GRANDE SÃO PAULO,35014 ROTA DOS BANDEIRANTES,352250 Itapevi
RRAS 15,3514 SÃO JOÃO DA BOA VISTA,35141 BAIXA MOGIANA,352260 Itapira
RRAS 08,3516 SOROCABA,35162 ITAPEVA,352265 Itapirapuã Paulista
RRAS 13,3503 ARARAQUARA,35032 CENTRO OESTE DO DRS III,352270 Itápolis
RRAS 09,3506 BAURU,35061 VALE DO JURUMIRIM,352280 Itaporanga
RRAS 09,3506 BAURU,35064 JAU,352290 Itapuí
RRAS 12,3502 ARAÇATUBA,35022 DOS LAGOS DO DRS II,352300 Itapura
RRAS 02,3501 GRANDE SÃO PAULO,35011 ALTO DO TIETÊ,352310 Itaquaquecetuba
RRAS 08,3516 SOROCABA,35162 ITAPEVA,352320 Itararé
RRAS 07,3512 REGISTRO,35121 VALE DO RIBEIRA,352330 Itariri
RRAS 15,3507 CAMPINAS,35072 REG METRO CAMPINAS,352340 Itatiba
RRAS 09,3506 BAURU,35063 POLO CUESTA,352350 Itatinga
RRAS 14,3510 PIRACICABA,35104 RIO CLARO,352360 Itirapina
RRAS 13,3508 FRANCA,35081 TRÊS COLINAS,352370 Itirapuã
RRAS 15,3514 SÃO JOÃO DA BOA VISTA,35143 RIO PARDO,352380 Itobi
RRAS 08,3516 SOROCABA,35163 SOROCABA,352390 Itu
RRAS 16,3507 CAMPINAS,35073 JUNDIAÍ,352400 Itupeva
RRAS 13,3508 FRANCA,35083 ALTA MOGIANA,352410 Ituverava
RRAS 13,3505 BARRETOS,35051 NORTE-BARRETOS,352420 Jaborandi
RRAS 13,3513 RIBEIRÃO PRETO,35131 HORIZONTE VERDE,352430 Jaboticabal
RRAS 17,3517 TAUBATÉ,35171 ALTO VALE DO PARAÍBA,352440 Jacareí
RRAS 12,3515 SÃO JOSÉ DO RIO PRETO,35156 JOSÉ BONIFÁCIO,352450 Jaci
RRAS 07,3512 REGISTRO,35121 VALE DO RIBEIRA,352460 Jacupiranga
RRAS 15,3507 CAMPINAS,35072 REG METRO CAMPINAS,352470 Jaguariúna
RRAS 12,3515 SÃO JOSÉ DO RIO PRETO,35153 JALES,352480 Jales
RRAS 17,3517 TAUBATÉ,35171 ALTO VALE DO PARAÍBA,352490 Jambeiro
RRAS 05,3501 GRANDE SÃO PAULO,35014 ROTA DOS BANDEIRANTES,352500 Jandira
RRAS 13,3513 RIBEIRÃO PRETO,35132 AQUÍFERO GUARANI,352510 Jardinópolis
RRAS 16,3507 CAMPINAS,35073 JUNDIAÍ,352520 Jarinu
RRAS 09,3506 BAURU,35064 JAU,352530 Jaú
RRAS 13,3508 FRANCA,35081 TRÊS COLINAS,352540 Jeriquara
RRAS 16,3507 CAMPINAS,35071 BRAGANÇA,352550 Joanópolis
RRAS 11,3511 PRESIDENTE PRUDENTE,35113 ALTO CAPIVARI,352560 João Ramalho
RRAS 12,3515 SÃO JOSÉ DO RIO PRETO,35156 JOSÉ BONIFÁCIO,352570 José Bonifácio
RRAS 10,3509 MARÍLIA,35093 MARÍLIA,352580 Júlio Mesquita
RRAS 08,3516 SOROCABA,35163 SOROCABA,352585 Jumirim
RRAS 16,3507 CAMPINAS,35073 JUNDIAÍ,352590 Jundiaí
RRAS 11,3511 PRESIDENTE PRUDENTE,35111 ALTA PAULISTA,352600 Junqueirópolis
RRAS 07,3512 REGISTRO,35121 VALE DO RIBEIRA,352610 Juquiá
RRAS 04,3501 GRANDE SÃO PAULO,35013 MANANCIAIS,352620 Juquitiba
RRAS 17,3517 TAUBATÉ,35174 V. PARAÍBA-REG. SERRANA,352630 Lagoinha
RRAS 09,3506 BAURU,35063 POLO CUESTA,352640 Laranjal Paulista
RRAS 12,3502 ARAÇATUBA,35022 DOS LAGOS DO DRS II,352650 Lavínia
RRAS 17,3517 TAUBATÉ,35172 CIRCUITO DA FÉ - VALE HISTÓRICO,352660 Lavrinhas
RRAS 14,3510 PIRACICABA,35101 ARARAS,352670 Leme
RRAS 09,3506 BAURU,35062 BAURU,352680 Lençóis Paulista
RRAS 14,3510 PIRACICABA,35102 LIMEIRA,352690 Limeira
RRAS 15,3507 CAMPINAS,35074 CIRCUITO DAS ÁGUAS,352700 Lindóia
RRAS 09,3506 BAURU,35065 LINS,352710 Lins
RRAS 17,3517 TAUBATÉ,35172 CIRCUITO DA FÉ - VALE HISTÓRICO,352720 Lorena
RRAS 12,3502 ARAÇATUBA,35023 DOS CONSÓRCIOS DO DRS II,352725 Lourdes
RRAS 16,3507 CAMPINAS,35073 JUNDIAÍ,352730 Louveira
RRAS 10,3509 MARÍLIA,35091 ADAMANTINA,352740 Lucélia
RRAS 09,3506 BAURU,35062 BAURU,352750 Lucianópolis
RRAS 13,3513 RIBEIRÃO PRETO,35132 AQUÍFERO GUARANI,352760 Luís Antônio
RRAS 12,3502 ARAÇATUBA,35023 DOS CONSÓRCIOS DO DRS II,352770 Luiziânia
RRAS 10,3509 MARÍLIA,35093 MARÍLIA,352780 Lupércio
RRAS 10,3509 MARÍLIA,35092 ASSIS,352790 Lutécia
RRAS 09,3506 BAURU,35062 BAURU,352800 Macatuba
RRAS 12,3515 SÃO JOSÉ DO RIO PRETO,35157 VOTUPORANGA,352810 Macaubal
RRAS 12,3515 SÃO JOSÉ DO RIO PRETO,35154 FERNANDÓPOLIS,352820 Macedônia
RRAS 12,3515 SÃO JOSÉ DO RIO PRETO,35157 VOTUPORANGA,352830 Magda
RRAS 08,3516 SOROCABA,35163 SOROCABA,352840 Mairinque
RRAS 03,3501 GRANDE SÃO PAULO,35012 FRANCO DA ROCHA,352850 Mairiporã
RRAS 09,3506 BAURU,35061 VALE DO JURUMIRIM,352860 Manduri
RRAS 11,3511 PRESIDENTE PRUDENTE,35114 EXTREMO OESTE PAULISTA,352870 Marabá Paulista
RRAS 10,3509 MARÍLIA,35092 ASSIS,352880 Maracaí
RRAS 12,3515 SÃO JOSÉ DO RIO PRETO,35151 CATANDUVA,352885 Marapoama
RRAS 10,3509 MARÍLIA,35091 ADAMANTINA,352890 Mariápolis
RRAS 10,3509 MARÍLIA,35093 MARÍLIA,352900 Marília
RRAS 12,3515 SÃO JOSÉ DO RIO PRETO,35153 JALES,352910 Marinópolis
RRAS 11,3511 PRESIDENTE PRUDENTE,35112 ALTA SOROCABANA,352920 Martinópolis
RRAS 13,3503 ARARAQUARA,35033 NORTE DO DRS III,352930 Matão
RRAS 01,3501 GRANDE SÃO PAULO,35015 GRANDE ABC,352940 Mauá
RRAS 12,3515 SÃO JOSÉ DO RIO PRETO,35156 JOSÉ BONIFÁCIO,352950 Mendonça
RRAS 12,3515 SÃO JOSÉ DO RIO PRETO,35154 FERNANDÓPOLIS,352960 Meridiano
RRAS 12,3515 SÃO JOSÉ DO RIO PRETO,35153 JALES,352965 Mesópolis
RRAS 13,3508 FRANCA,35083 ALTA MOGIANA,352970 Miguelópolis
RRAS 09,3506 BAURU,35064 JAU,352980 Mineiros do Tietê
RRAS 12,3515 SÃO JOSÉ DO RIO PRETO,35154 FERNANDÓPOLIS,353000 Mira Estrela
RRAS 07,3512 REGISTRO,35121 VALE DO RIBEIRA,352990 Miracatu
RRAS 12,3502 ARAÇATUBA,35022 DOS LAGOS DO DRS II,353010 Mirandópolis
RRAS 11,3511 PRESIDENTE PRUDENTE,35115 PONTAL DO PARANAPANEMA,353020 Mirante do Paranapanema
RRAS 12,3515 SÃO JOSÉ DO RIO PRETO,35155 SÃO JOSÉ DO RIO PRETO,353030 Mirassol
RRAS 12,3515 SÃO JOSÉ DO RIO PRETO,35155 SÃO JOSÉ DO RIO PRETO,353040 Mirassolândia
RRAS 15,3514 SÃO JOÃO DA BOA VISTA,35143 RIO PARDO,353050 Mococa
RRAS 02,3501 GRANDE SÃO PAULO,35011 ALTO DO TIETÊ,353060 Mogi das Cruzes
RRAS 15,3514 SÃO JOÃO DA BOA VISTA,35141 BAIXA MOGIANA,353070 Mogi Guaçu
RRAS 15,3514 SÃO JOÃO DA BOA VISTA,35141 BAIXA MOGIANA,353080 Moji Mirim
RRAS 14,3510 PIRACICABA,35103 PIRACICABA,353090 Mombuca
RRAS 12,3515 SÃO JOSÉ DO RIO PRETO,35157 VOTUPORANGA,353100 Monções
RRAS 07,3504 BAIXADA SANTISTA,35041 BAIXADA SANTISTA,353110 Mongaguá
RRAS 15,3507 CAMPINAS,35074 CIRCUITO DAS ÁGUAS,353120 Monte Alegre do Sul
RRAS 13,3513 RIBEIRÃO PRETO,35131 HORIZONTE VERDE,353130 Monte Alto
RRAS 12,3515 SÃO JOSÉ DO RIO PRETO,35156 JOSÉ BONIFÁCIO,353140 Monte Aprazível
RRAS 13,3505 BARRETOS,35052 SUL-BARRETOS,353150 Monte Azul Paulista
RRAS 11,3511 PRESIDENTE PRUDENTE,35111 ALTA PAULISTA,353160 Monte Castelo
RRAS 15,3507 CAMPINAS,35072 REG METRO CAMPINAS,353180 Monte Mor
RRAS 17,3517 TAUBATÉ,35171 ALTO VALE DO PARAÍBA,353170 Monteiro Lobato
RRAS 13,3508 FRANCA,35082 ALTA ANHANGUERA,353190 Morro Agudo
RRAS 15,3507 CAMPINAS,35072 REG METRO CAMPINAS,353200 Morungaba
RRAS 13,3503 ARARAQUARA,35031 CENTRAL DO DRS III,353205 Motuca
RRAS 12,3502 ARAÇATUBA,35022 DOS LAGOS DO DRS II,353210 Murutinga do Sul
RRAS 11,3511 PRESIDENTE PRUDENTE,35113 ALTO CAPIVARI,353215 Nantes
RRAS 11,3511 PRESIDENTE PRUDENTE,35112 ALTA SOROCABANA,353220 Narandiba
RRAS 17,3517 TAUBATÉ,35174 V. PARAÍBA-REG. SERRANA,353230 Natividade da Serra
RRAS 16,3507 CAMPINAS,35071 BRAGANÇA,353240 Nazaré Paulista
RRAS 12,3515 SÃO JOSÉ DO RIO PRETO,35155 SÃO JOSÉ DO RIO PRETO,353250 Neves Paulista
RRAS 12,3515 SÃO JOSÉ DO RIO PRETO,35157 VOTUPORANGA,353260 Nhandeara
RRAS 12,3515 SÃO JOSÉ DO RIO PRETO,35156 JOSÉ BONIFÁCIO,353270 Nipoã
RRAS 12,3515 SÃO JOSÉ DO RIO PRETO,35155 SÃO JOSÉ DO RIO PRETO,353280 Nova Aliança
RRAS 08,3516 SOROCABA,35162 ITAPEVA,353282 Nova Campina
RRAS 12,3515 SÃO JOSÉ DO RIO PRETO,35152 SANTA FÉ DO SUL,353284 Nova Canaã Paulista
RRAS 12,3502 ARAÇATUBA,35021 CENTRAL DO DRS II,353286 Nova Castilho
RRAS 13,3503 ARARAQUARA,35032 CENTRO OESTE DO DRS III,353290 Nova Europa
RRAS 12,3515 SÃO JOSÉ DO RIO PRETO,35155 SÃO JOSÉ DO RIO PRETO,353300 Nova Granada
RRAS 11,3511 PRESIDENTE PRUDENTE,35111 ALTA PAULISTA,353310 Nova Guataporanga
RRAS 12,3502 ARAÇATUBA,35022 DOS LAGOS DO DRS II,353320 Nova Independência
RRAS 12,3502 ARAÇATUBA,35021 CENTRAL DO DRS II,353330 Nova Luzitânia
RRAS 15,3507 CAMPINAS,35072 REG METRO CAMPINAS,353340 Nova Odessa
RRAS 12,3515 SÃO JOSÉ DO RIO PRETO,35151 CATANDUVA,353325 Novais
RRAS 12,3515 SÃO JOSÉ DO RIO PRETO,35151 CATANDUVA,353350 Novo Horizonte
RRAS 13,3508 FRANCA,35082 ALTA ANHANGUERA,353360 Nuporanga
RRAS 10,3509 MARÍLIA,35093 MARÍLIA,353370 Ocauçu
RRAS 10,3509 MARÍLIA,35094 OURINHOS,353380 Óleo
RRAS 13,3505 BARRETOS,35051 NORTE-BARRETOS,353390 Olímpia
RRAS 12,3515 SÃO JOSÉ DO RIO PRETO,35155 SÃO JOSÉ DO RIO PRETO,353400 Onda Verde
RRAS 10,3509 MARÍLIA,35093 MARÍLIA,353410 Oriente
RRAS 12,3515 SÃO JOSÉ DO RIO PRETO,35155 SÃO JOSÉ DO RIO PRETO,353420 Orindiúva
RRAS 13,3508 FRANCA,35082 ALTA ANHANGUERA,353430 Orlândia
RRAS 05,3501 GRANDE SÃO PAULO,35014 ROTA DOS BANDEIRANTES,353440 Osasco
RRAS 10,3509 MARÍLIA,35093 MARÍLIA,353450 Oscar Bressane
RRAS 10,3509 MARÍLIA,35091 ADAMANTINA,353460 Osvaldo Cruz
RRAS 10,3509 MARÍLIA,35094 OURINHOS,353470 Ourinhos
RRAS 11,3511 PRESIDENTE PRUDENTE,35111 ALTA PAULISTA,353480 Ouro Verde
RRAS 12,3515 SÃO JOSÉ DO RIO PRETO,35154 FERNANDÓPOLIS,353475 Ouroeste
RRAS 10,3509 MARÍLIA,35091 ADAMANTINA,353490 Pacaembu
RRAS 12,3515 SÃO JOSÉ DO RIO PRETO,35155 SÃO JOSÉ DO RIO PRETO,353500 Palestina
RRAS 12,3515 SÃO JOSÉ DO RIO PRETO,35151 CATANDUVA,353510 Palmares Paulista
RRAS 12,3515 SÃO JOSÉ DO RIO PRETO,35153 JALES,353520 Palmeira d'Oeste
RRAS 10,3509 MARÍLIA,35092 ASSIS,353530 Palmital
RRAS 11,3511 PRESIDENTE PRUDENTE,35111 ALTA PAULISTA,353540 Panorama
RRAS 10,3509 MARÍLIA,35092 ASSIS,353550 Paraguaçu Paulista
RRAS 17,3517 TAUBATÉ,35171 ALTO VALE DO PARAÍBA,353560 Paraibuna
RRAS 12,3515 SÃO JOSÉ DO RIO PRETO,35151 CATANDUVA,353570 Paraíso
RRAS 09,3506 BAURU,35061 VALE DO JURUMIRIM,353580 Paranapanema
RRAS 12,3515 SÃO JOSÉ DO RIO PRETO,35153 JALES,353590 Paranapuã
RRAS 10,3509 MARÍLIA,35095 TUPÃ,353600 Parapuã
RRAS 09,3506 BAURU,35063 POLO CUESTA,353610 Pardinho
RRAS 07,3512 REGISTRO,35121 VALE DO RIBEIRA,353620 Pariquera-Açu
RRAS 12,3515 SÃO JOSÉ DO RIO PRETO,35157 VOTUPORANGA,353625 Parisi
RRAS 13,3508 FRANCA,35081 TRÊS COLINAS,353630 Patrocínio Paulista
RRAS 11,3511 PRESIDENTE PRUDENTE,35111 ALTA PAULISTA,353640 Paulicéia
RRAS 15,3507 CAMPINAS,35072 REG METRO CAMPINAS,353650 Paulínia
RRAS 09,3506 BAURU,35062 BAURU,353657 Paulistânia
RRAS 12,3515 SÃO JOSÉ DO RIO PRETO,35155 SÃO JOSÉ DO RIO PRETO,353660 Paulo de Faria
RRAS 09,3506 BAURU,35062 BAURU,353670 Pederneiras
RRAS 16,3507 CAMPINAS,35071 BRAGANÇA,353680 Pedra Bela
RRAS 12,3515 SÃO JOSÉ DO RIO PRETO,35154 FERNANDÓPOLIS,353690 Pedranópolis
RRAS 13,3508 FRANCA,35081 TRÊS COLINAS,353700 Pedregulho
RRAS 15,3507 CAMPINAS,35072 REG METRO CAMPINAS,353710 Pedreira
RRAS 10,3509 MARÍLIA,35092 ASSIS,353715 Pedrinhas Paulista
RRAS 07,3512 REGISTRO,35121 VALE DO RIBEIRA,353720 Pedro de Toledo
RRAS 12,3502 ARAÇATUBA,35023 DOS CONSÓRCIOS DO DRS II,353730 Penápolis
RRAS 12,3502 ARAÇATUBA,35022 DOS LAGOS DO DRS II,353740 Pereira Barreto
RRAS 09,3506 BAURU,35063 POLO CUESTA,353750 Pereiras
RRAS 07,3504 BAIXADA SANTISTA,35041 BAIXADA SANTISTA,353760 Peruíbe
RRAS 12,3502 ARAÇATUBA,35023 DOS CONSÓRCIOS DO DRS II,353770 Piacatu
RRAS 08,3516 SOROCABA,35163 SOROCABA,353780 Piedade
RRAS 08,3516 SOROCABA,35163 SOROCABA,353790 Pilar do Sul
RRAS 17,3517 TAUBATÉ,35174 V. PARAÍBA-REG. SERRANA,353800 Pindamonhangaba
RRAS 12,3515 SÃO JOSÉ DO RIO PRETO,35151 CATANDUVA,353810 Pindorama
RRAS 16,3507 CAMPINAS,35071 BRAGANÇA,353820 Pinhalzinho
RRAS 11,3511 PRESIDENTE PRUDENTE,35114 EXTREMO OESTE PAULISTA,353830 Piquerobi
RRAS 17,3517 TAUBATÉ,35172 CIRCUITO DA FÉ - VALE HISTÓRICO,353850 Piquete
RRAS 16,3507 CAMPINAS,35071 BRAGANÇA,353860 Piracaia
RRAS 14,3510 PIRACICABA,35103 PIRACICABA,353870 Piracicaba
RRAS 09,3506 BAURU,35061 VALE DO JURUMIRIM,353880 Piraju
RRAS 09,3506 BAURU,35062 BAURU,353890 Pirajuí
RRAS 12,3515 SÃO JOSÉ DO RIO PRETO,35151 CATANDUVA,353900 Pirangi
RRAS 05,3501 GRANDE SÃO PAULO,35014 ROTA DOS BANDEIRANTES,353910 Pirapora do Bom Jesus
RRAS 11,3511 PRESIDENTE PRUDENTE,35112 ALTA SOROCABANA,353920 Pirapozinho
RRAS 14,3510 PIRACICABA,35101 ARARAS,353930 Pirassununga
RRAS 09,3506 BAURU,35062 BAURU,353940 Piratininga
RRAS 13,3513 RIBEIRÃO PRETO,35131 HORIZONTE VERDE,353950 Pitangueiras
RRAS 12,3515 SÃO JOSÉ DO RIO PRETO,35156 JOSÉ BONIFÁCIO,353960 Planalto
RRAS 10,3509 MARÍLIA,35092 ASSIS,353970 Platina
RRAS 02,3501 GRANDE SÃO PAULO,35011 ALTO DO TIETÊ,353980 Poá
RRAS 12,3515 SÃO JOSÉ DO RIO PRETO,35156 JOSÉ BONIFÁCIO,353990 Poloni
RRAS 10,3509 MARÍLIA,35093 MARÍLIA,354000 Pompéia
RRAS 09,3506 BAURU,35065 LINS,354010 Pongaí
RRAS 13,3513 RIBEIRÃO PRETO,35131 HORIZONTE VERDE,354020 Pontal
RRAS 12,3515 SÃO JOSÉ DO RIO PRETO,35153 JALES,354025 Pontalinda
RRAS 12,3515 SÃO JOSÉ DO RIO PRETO,35157 VOTUPORANGA,354030 Pontes Gestal
RRAS 12,3515 SÃO JOSÉ DO RIO PRETO,35154 FERNANDÓPOLIS,354040 Populina
RRAS 09,3506 BAURU,35063 POLO CUESTA,354050 Porangaba
RRAS 08,3516 SOROCABA,35163 SOROCABA,354060 Porto Feliz
RRAS 13,3503 ARARAQUARA,35034 CORAÇÃO DO DRS III,354070 Porto Ferreira
RRAS 17,3517 TAUBATÉ,35172 CIRCUITO DA FÉ - VALE HISTÓRICO,354075 Potim
RRAS 12,3515 SÃO JOSÉ DO RIO PRETO,35155 SÃO JOSÉ DO RIO PRETO,354080 Potirendaba
RRAS 10,3509 MARÍLIA,35091 ADAMANTINA,354085 Pracinha
RRAS 13,3513 RIBEIRÃO PRETO,35131 HORIZONTE VERDE,354090 Pradópolis
RRAS 07,3504 BAIXADA SANTISTA,35041 BAIXADA SANTISTA,354100 Praia Grande
RRAS 09,3506 BAURU,35063 POLO CUESTA,354105 Pratânia
RRAS 09,3506 BAURU,35062 BAURU,354110 Presidente Alves
RRAS 11,3511 PRESIDENTE PRUDENTE,35112 ALTA SOROCABANA,354120 Presidente Bernardes
RRAS 11,3511 PRESIDENTE PRUDENTE,35114 EXTREMO OESTE PAULISTA,354130 Presidente Epitácio
RRAS 11,3511 PRESIDENTE PRUDENTE,35112 ALTA SOROCABANA,354140 Presidente Prudente
RRAS 11,3511 PRESIDENTE PRUDENTE,35114 EXTREMO OESTE PAULISTA,354150 Presidente Venceslau
RRAS 09,3506 BAURU,35065 LINS,354160 Promissão
RRAS 08,3516 SOROCABA,35161 ITAPETININGA,354165 Quadra
RRAS 11,3511 PRESIDENTE PRUDENTE,35113 ALTO CAPIVARI,354170 Quatá
RRAS 10,3509 MARÍLIA,35095 TUPÃ,354180 Queiroz
RRAS 17,3517 TAUBATÉ,35172 CIRCUITO DA FÉ - VALE HISTÓRICO,354190 Queluz
RRAS 10,3509 MARÍLIA,35093 MARÍLIA,354200 Quintana
RRAS 14,3510 PIRACICABA,35103 PIRACICABA,354210 Rafard
RRAS 11,3511 PRESIDENTE PRUDENTE,35113 ALTO CAPIVARI,354220 Rancharia
RRAS 17,3517 TAUBATÉ,35174 V. PARAÍBA-REG. SERRANA,354230 Redenção da Serra
RRAS 11,3511 PRESIDENTE PRUDENTE,35112 ALTA SOROCABANA,354240 Regente Feijó
RRAS 09,3506 BAURU,35062 BAURU,354250 Reginópolis
RRAS 07,3512 REGISTRO,35121 VALE DO RIBEIRA,354260 Registro
RRAS 13,3508 FRANCA,35081 TRÊS COLINAS,354270 Restinga
RRAS 08,3516 SOROCABA,35162 ITAPEVA,354280 Ribeira
RRAS 13,3503 ARARAQUARA,35034 CORAÇÃO DO DRS III,354290 Ribeirão Bonito
RRAS 08,3516 SOROCABA,35162 ITAPEVA,354300 Ribeirão Branco
RRAS 13,3508 FRANCA,35081 TRÊS COLINAS,354310 Ribeirão Corrente
RRAS 10,3509 MARÍLIA,35094 OURINHOS,354320 Ribeirão do Sul
RRAS 11,3511 PRESIDENTE PRUDENTE,35112 ALTA SOROCABANA,354323 Ribeirão dos Índios
RRAS 08,3516 SOROCABA,35161 ITAPETININGA,354325 Ribeirão Grande
RRAS 01,3501 GRANDE SÃO PAULO,35015 GRANDE ABC,354330 Ribeirão Pires
RRAS 13,3513 RIBEIRÃO PRETO,35132 AQUÍFERO GUARANI,354340 Ribeirão Preto
RRAS 13,3508 FRANCA,35081 TRÊS COLINAS,354360 Rifaina
RRAS 13,3503 ARARAQUARA,35031 CENTRAL DO DRS III,354370 Rincão
RRAS 10,3509 MARÍLIA,35095 TUPÃ,354380 Rinópolis
RRAS 14,3510 PIRACICABA,35104 RIO CLARO,354390 Rio Claro
RRAS 14,3510 PIRACICABA,35103 PIRACICABA,354400 Rio das Pedras
RRAS 01,3501 GRANDE SÃO PAULO,35015 GRANDE ABC,354410 Rio Grande da Serra
RRAS 12,3515 SÃO JOSÉ DO RIO PRETO,35157 VOTUPORANGA,354420 Riolândia
RRAS 08,3516 SOROCABA,35162 ITAPEVA,354350 Riversul
RRAS 11,3511 PRESIDENTE PRUDENTE,35115 PONTAL DO PARANAPANEMA,354425 Rosana
RRAS 17,3517 TAUBATÉ,35172 CIRCUITO DA FÉ - VALE HISTÓRICO,354430 Roseira
RRAS 12,3502 ARAÇATUBA,35021 CENTRAL DO DRS II,354440 Rubiácea
RRAS 12,3515 SÃO JOSÉ DO RIO PRETO,35152 SANTA FÉ DO SUL,354450 Rubinéia
RRAS 09,3506 BAURU,35065 LINS,354460 Sabino
RRAS 10,3509 MARÍLIA,35091 ADAMANTINA,354470 Sagres
RRAS 12,3515 SÃO JOSÉ DO RIO PRETO,35151 CATANDUVA,354480 Sales
RRAS 13,3508 FRANCA,35082 ALTA ANHANGUERA,354490 Sales Oliveira
RRAS 02,3501 GRANDE SÃO PAULO,35011 ALTO DO TIETÊ,354500 Salesópolis
RRAS 10,3509 MARÍLIA,35091 ADAMANTINA,354510 Salmourão
RRAS 14,3510 PIRACICABA,35103 PIRACICABA,354515 Saltinho
RRAS 08,3516 SOROCABA,35163 SOROCABA,354520 Salto
RRAS 08,3516 SOROCABA,35163 SOROCABA,354530 Salto de Pirapora
RRAS 10,3509 MARÍLIA,35094 OURINHOS,354540 Salto Grande
RRAS 11,3511 PRESIDENTE PRUDENTE,35112 ALTA SOROCABANA,354550 Sandovalina
RRAS 12,3515 SÃO JOSÉ DO RIO PRETO,35151 CATANDUVA,354560 Santa Adélia
RRAS 12,3515 SÃO JOSÉ DO RIO PRETO,35153 JALES,354570 Santa Albertina
RRAS 15,3507 CAMPINAS,35072 REG METRO CAMPINAS,354580 Santa Bárbara d'Oeste
RRAS 17,3517 TAUBATÉ,35171 ALTO VALE DO PARAÍBA,354600 Santa Branca
RRAS 12,3515 SÃO JOSÉ DO RIO PRETO,35152 SANTA FÉ DO SUL,354610 Santa Clara d'Oeste
RRAS 14,3510 PIRACICABA,35101 ARARAS,354620 Santa Cruz da Conceição
RRAS 13,3513 RIBEIRÃO PRETO,35133 VALE DAS CACHOEIRAS,354625 Santa Cruz da Esperança
RRAS 15,3514 SÃO JOÃO DA BOA VISTA,35142 MANTIQUEIRA,354630 Santa Cruz das Palmeiras
RRAS 10,3509 MARÍLIA,35094 OURINHOS,354640 Santa Cruz do Rio Pardo
RRAS 13,3503 ARARAQUARA,35033 NORTE DO DRS III,354650 Santa Ernestina
RRAS 12,3515 SÃO JOSÉ DO RIO PRETO,35152 SANTA FÉ DO SUL,354660 Santa Fé do Sul
RRAS 14,3510 PIRACICABA,35104 RIO CLARO,354670 Santa Gertrudes
RRAS 02,3501 GRANDE SÃO PAULO,35011 ALTO DO TIETÊ,354680 Santa Isabel
RRAS 13,3503 ARARAQUARA,35031 CENTRAL DO DRS III,354690 Santa Lúcia
RRAS 14,3510 PIRACICABA,35103 PIRACICABA,354700 Santa Maria da Serra
RRAS 11,3511 PRESIDENTE PRUDENTE,35111 ALTA PAULISTA,354710 Santa Mercedes
RRAS 12,3515 SÃO JOSÉ DO RIO PRETO,35152 SANTA FÉ DO SUL,354740 Santa Rita d'Oeste
RRAS 13,3513 RIBEIRÃO PRETO,35132 AQUÍFERO GUARANI,354750 Santa Rita do Passa Quatro
RRAS 13,3513 RIBEIRÃO PRETO,35132 AQUÍFERO GUARANI,354760 Santa Rosa de Viterbo
RRAS 12,3515 SÃO JOSÉ DO RIO PRETO,35153 JALES,354765 Santa Salete
RRAS 12,3515 SÃO JOSÉ DO RIO PRETO,35153 JALES,354720 Santana da Ponte Pensa
RRAS 05,3501 GRANDE SÃO PAULO,35014 ROTA DOS BANDEIRANTES,354730 Santana de Parnaíba
RRAS 11,3511 PRESIDENTE PRUDENTE,35112 ALTA SOROCABANA,354770 Santo Anastácio
RRAS 01,3501 GRANDE SÃO PAULO,35015 GRANDE ABC,354780 Santo André
RRAS 13,3513 RIBEIRÃO PRETO,35133 VALE DAS CACHOEIRAS,354790 Santo Antônio da Alegria
RRAS 15,3507 CAMPINAS,35072 REG METRO CAMPINAS,354800 Santo Antônio de Posse
RRAS 12,3502 ARAÇATUBA,35021 CENTRAL DO DRS II,354805 Santo Antônio do Aracanguá
RRAS 15,3514 SÃO JOÃO DA BOA VISTA,35142 MANTIQUEIRA,354810 Santo Antônio do Jardim
RRAS 17,3517 TAUBATÉ,35174 V. PARAÍBA-REG. SERRANA,354820 Santo Antônio do Pinhal
RRAS 11,3511 PRESIDENTE PRUDENTE,35112 ALTA SOROCABANA,354830 Santo Expedito
RRAS 12,3502 ARAÇATUBA,35023 DOS CONSÓRCIOS DO DRS II,354840 Santópolis do Aguapeí
RRAS 07,3504 BAIXADA SANTISTA,35041 BAIXADA SANTISTA,354850 Santos
RRAS 17,3517 TAUBATÉ,35174 V. PARAÍBA-REG. SERRANA,354860 São Bento do Sapucaí
RRAS 01,3501 GRANDE SÃO PAULO,35015 GRANDE ABC,354870 São Bernardo do Campo
RRAS 01,3501 GRANDE SÃO PAULO,35015 GRANDE ABC,354880 São Caetano do Sul
RRAS 13,3503 ARARAQUARA,35034 CORAÇÃO DO DRS III,354890 São Carlos
RRAS 12,3515 SÃO JOSÉ DO RIO PRETO,35153 JALES,354900 São Francisco
RRAS 15,3514 SÃO JOÃO DA BOA VISTA,35142 MANTIQUEIRA,354910 São João da Boa Vista
RRAS 12,3515 SÃO JOSÉ DO RIO PRETO,35154 FERNANDÓPOLIS,354920 São João das Duas Pontes
RRAS 12,3515 SÃO JOSÉ DO RIO PRETO,35154 FERNANDÓPOLIS,354925 São João de Iracema
RRAS 11,3511 PRESIDENTE PRUDENTE,35111 ALTA PAULISTA,354930 São João do Pau d'Alho
RRAS 13,3508 FRANCA,35082 ALTA ANHANGUERA,354940 São Joaquim da Barra
RRAS 13,3508 FRANCA,35081 TRÊS COLINAS,354950 São José da Bela Vista
RRAS 17,3517 TAUBATÉ,35172 CIRCUITO DA FÉ - VALE HISTÓRICO,354960 São José do Barreiro
RRAS 15,3514 SÃO JOÃO DA BOA VISTA,35143 RIO PARDO,354970 São José do Rio Pardo
RRAS 12,3515 SÃO JOSÉ DO RIO PRETO,35155 SÃO JOSÉ DO RIO PRETO,354980 São José do Rio Preto
RRAS 17,3517 TAUBATÉ,35171 ALTO VALE DO PARAÍBA,354990 São José dos Campos
RRAS 04,3501 GRANDE SÃO PAULO,35013 MANANCIAIS,354995 São Lourenço da Serra
RRAS 17,3517 TAUBATÉ,35174 V. PARAÍBA-REG. SERRANA,355000 São Luís do Paraitinga
RRAS 09,3506 BAURU,35063 POLO CUESTA,355010 São Manuel
RRAS 08,3516 SOROCABA,35161 ITAPETININGA,355020 São Miguel Arcanjo
RRAS 06,3501 GRANDE SÃO PAULO,35016 SÃO PAULO,355030 São Paulo
RRAS 14,3510 PIRACICABA,35103 PIRACICABA,355040 São Pedro
RRAS 10,3509 MARÍLIA,35094 OURINHOS,355050 São Pedro do Turvo
RRAS 08,3516 SOROCABA,35163 SOROCABA,355060 São Roque
RRAS 17,3517 TAUBATÉ,35173 LITORAL NORTE,355070 São Sebastião
RRAS 15,3514 SÃO JOÃO DA BOA VISTA,35143 RIO PARDO,355080 São Sebastião da Grama
RRAS 13,3513 RIBEIRÃO PRETO,35132 AQUÍFERO GUARANI,355090 São Simão
RRAS 07,3504 BAIXADA SANTISTA,35041 BAIXADA SANTISTA,355100 São Vicente
RRAS 08,3516 SOROCABA,35161 ITAPETININGA,355110 Sarapuí
RRAS 09,3506 BAURU,35061 VALE DO JURUMIRIM,355120 Sarutaiá
RRAS 12,3515 SÃO JOSÉ DO RIO PRETO,35157 VOTUPORANGA,355130 Sebastianópolis do Sul
RRAS 13,3513 RIBEIRÃO PRETO,35132 AQUÍFERO GUARANI,355140 Serra Azul
RRAS 15,3507 CAMPINAS,35074 CIRCUITO DAS ÁGUAS,355160 Serra Negra
RRAS 13,3513 RIBEIRÃO PRETO,35132 AQUÍFERO GUARANI,355150 Serrana
RRAS 13,3513 RIBEIRÃO PRETO,35131 HORIZONTE VERDE,355170 Sertãozinho
RRAS 07,3512 REGISTRO,35121 VALE DO RIBEIRA,355180 Sete Barras
RRAS 13,3505 BARRETOS,35051 NORTE-BARRETOS,355190 Severínia
RRAS 17,3517 TAUBATÉ,35172 CIRCUITO DA FÉ - VALE HISTÓRICO,355200 Silveiras
RRAS 16,3507 CAMPINAS,35071 BRAGANÇA,355210 Socorro
RRAS 08,3516 SOROCABA,35163 SOROCABA,355220 Sorocaba
RRAS 12,3502 ARAÇATUBA,35022 DOS LAGOS DO DRS II,355230 Sud Mennucci
RRAS 15,3507 CAMPINAS,35072 REG METRO CAMPINAS,355240 Sumaré
RRAS 12,3502 ARAÇATUBA,35022 DOS LAGOS DO DRS II,355255 Suzanápolis
RRAS 02,3501 GRANDE SÃO PAULO,35011 ALTO DO TIETÊ,355250 Suzano
RRAS 12,3515 SÃO JOSÉ DO RIO PRETO,35151 CATANDUVA,355260 Tabapuã
RRAS 13,3503 ARARAQUARA,35032 CENTRO OESTE DO DRS III,355270 Tabatinga
RRAS 04,3501 GRANDE SÃO PAULO,35013 MANANCIAIS,355280 Taboão da Serra
RRAS 11,3511 PRESIDENTE PRUDENTE,35112 ALTA SOROCABANA,355290 Taciba
RRAS 09,3506 BAURU,35061 VALE DO JURUMIRIM,355300 Taguaí
RRAS 13,3505 BARRETOS,35052 SUL-BARRETOS,355310 Taiaçu
RRAS 13,3505 BARRETOS,35052 SUL-BARRETOS,355320 Taiúva
RRAS 15,3514 SÃO JOÃO DA BOA VISTA,35142 MANTIQUEIRA,355330 Tambaú
RRAS 12,3515 SÃO JOSÉ DO RIO PRETO,35155 SÃO JOSÉ DO RIO PRETO,355340 Tanabi
RRAS 08,3516 SOROCABA,35163 SOROCABA,355350 Tapiraí
RRAS 15,3514 SÃO JOÃO DA BOA VISTA,35143 RIO PARDO,355360 Tapiratiba
RRAS 13,3505 BARRETOS,35052 SUL-BARRETOS,355365 Taquaral
RRAS 13,3503 ARARAQUARA,35033 NORTE DO DRS III,355370 Taquaritinga
RRAS 09,3506 BAURU,35061 VALE DO JURUMIRIM,355380 Taquarituba
RRAS 08,3516 SOROCABA,35162 ITAPEVA,355385 Taquarivaí
RRAS 11,3511 PRESIDENTE PRUDENTE,35112 ALTA SOROCABANA,355390 Tarabai
RRAS 10,3509 MARÍLIA,35092 ASSIS,355395 Tarumã
RRAS 08,3516 SOROCABA,35161 ITAPETININGA,355400 Tatuí
RRAS 17,3517 TAUBATÉ,35174 V. PARAÍBA-REG. SERRANA,355410 Taubaté
RRAS 09,3506 BAURU,35061 VALE DO JURUMIRIM,355420 Tejupá
RRAS 11,3511 PRESIDENTE PRUDENTE,35115 PONTAL DO PARANAPANEMA,355430 Teodoro Sampaio
RRAS 13,3505 BARRETOS,35052 SUL-BARRETOS,355440 Terra Roxa
RRAS 08,3516 SOROCABA,35163 SOROCABA,355450 Tietê
RRAS 10,3509 MARÍLIA,35094 OURINHOS,355460 Timburi
RRAS 09,3506 BAURU,35063 POLO CUESTA,355465 Torre de Pedra
RRAS 09,3506 BAURU,35064 JAU,355470 Torrinha
RRAS 13,3503 ARARAQUARA,35031 CENTRAL DO DRS III,355475 Trabiju
RRAS 17,3517 TAUBATÉ,35174 V. PARAÍBA-REG. SERRANA,355480 Tremembé
RRAS 12,3515 SÃO JOSÉ DO RIO PRETO,35152 SANTA FÉ DO SUL,355490 Três Fronteiras
RRAS 16,3507 CAMPINAS,35071 BRAGANÇA,355495 Tuiuti
RRAS 10,3509 MARÍLIA,35095 TUPÃ,355500 Tupã
RRAS 11,3511 PRESIDENTE PRUDENTE,35111 ALTA PAULISTA,355510 Tupi Paulista
RRAS 12,3502 ARAÇATUBA,35023 DOS CONSÓRCIOS DO DRS II,355520 Turiúba
RRAS 12,3515 SÃO JOSÉ DO RIO PRETO,35154 FERNANDÓPOLIS,355530 Turmalina
RRAS 12,3515 SÃO JOSÉ DO RIO PRETO,35156 JOSÉ BONIFÁCIO,355535 Ubarana
RRAS 17,3517 TAUBATÉ,35173 LITORAL NORTE,355540 Ubatuba
RRAS 10,3509 MARÍLIA,35093 MARÍLIA,355550 Ubirajara
RRAS 12,3515 SÃO JOSÉ DO RIO PRETO,35155 SÃO JOSÉ DO RIO PRETO,355560 Uchoa
RRAS 12,3515 SÃO JOSÉ DO RIO PRETO,35156 JOSÉ BONIFÁCIO,355570 União Paulista
RRAS 12,3515 SÃO JOSÉ DO RIO PRETO,35153 JALES,355580 Urânia
RRAS 09,3506 BAURU,35065 LINS,355590 Uru
RRAS 12,3515 SÃO JOSÉ DO RIO PRETO,35151 CATANDUVA,355600 Urupês
RRAS 12,3515 SÃO JOSÉ DO RIO PRETO,35157 VOTUPORANGA,355610 Valentim Gentil
RRAS 15,3507 CAMPINAS,35072 REG METRO CAMPINAS,355620 Valinhos
RRAS 12,3502 ARAÇATUBA,35021 CENTRAL DO DRS II,355630 Valparaíso
RRAS 16,3507 CAMPINAS,35071 BRAGANÇA,355635 Vargem
RRAS 15,3514 SÃO JOÃO DA BOA VISTA,35142 MANTIQUEIRA,355640 Vargem Grande do Sul
RRAS 04,3501 GRANDE SÃO PAULO,35013 MANANCIAIS,355645 Vargem Grande Paulista
RRAS 16,3507 CAMPINAS,35073 JUNDIAÍ,355650 Várzea Paulista
RRAS 10,3509 MARÍLIA,35093 MARÍLIA,355660 Vera Cruz
RRAS 15,3507 CAMPINAS,35072 REG METRO CAMPINAS,355670 Vinhedo
RRAS 13,3505 BARRETOS,35052 SUL-BARRETOS,355680 Viradouro
RRAS 13,3505 BARRETOS,35052 SUL-BARRETOS,355690 Vista Alegre do Alto
RRAS 12,3515 SÃO JOSÉ DO RIO PRETO,35153 JALES,355695 Vitória Brasil
RRAS 08,3516 SOROCABA,35163 SOROCABA,355700 Votorantim
RRAS 12,3515 SÃO JOSÉ DO RIO PRETO,35157 VOTUPORANGA,355710 Votuporanga
RRAS 12,3515 SÃO JOSÉ DO RIO PRETO,35156 JOSÉ BONIFÁCIO,355715 Zacarias
